bdibella@mugford.com,Mugford & DiBella LLC,accounting firm,2026-03-25 13:37:35.421235
info@cpabmc.com,BMC CPA Firm Southbury,accounting firm,2026-03-25 13:37:43.766507
linda.ballettotax@gmail.com,Balletto Shariff & Associates East Haven,accounting firm,2026-03-25 13:37:51.675720
info@esmlaw.com,Ericson Scalise & Mangan New Britain,law firm,2026-03-27 09:20:07.145406
info@gs-lawfirm.com,Green & Sklarz LLC New Haven,law firm,2026-03-27 09:20:15.587088
info@byrnesagency.com,Byrnes Agency Insurance Dayville,insurance,2026-03-27 09:27:18.099888
info@keatingagency.com,Keating Agency Insurance West Hartford,insurance,2026-03-27 09:27:26.706392
info@brookstoddmcneil.com,Brooks Todd & McNeil Torrington,insurance,2026-03-27 09:27:34.531198
info@petruzelo.com,Petruzelo Insurance Connecticut,insurance,2026-03-27 09:27:42.993632
info@theinsurancectr.com,The Insurance Center Bethel,insurance,2026-03-27 09:27:51.046321
